Handle,Title,Body (HTML),Vendor,Product Category,Type,Tags,Published,Option1 Name,Option1 Value,Variant SKU,Variant Grams,Variant Inventory Tracker,Variant Inventory Qty,Variant Inventory Policy,Variant Fulfillment Service,Variant Price,Variant Compare At Price,Variant Requires Shipping,Variant Taxable,Image Src,Image Position,Image Alt Text,Gift Card,Status
night-garden-i,Night Garden I,"<p>Acrylic on canvas, 76 x 102 cm. Layered blocks of teal and bone white, built up over several weeks. Signed on the reverse. Ships unframed, ready to hang.</p>",Mara Okafor,,Original,"newest, abstract, acrylic, artist-mara-okafor",TRUE,Title,Default Title,ART-001-OR,2000,,,continue,manual,1450.00,,TRUE,TRUE,https://images.unsplash.com/photo-1618331835717-801e976710b2?w=2000&q=80&fm=jpg,1,"Abstract painting in deep teal, cream and ochre blocks",FALSE,active
night-garden-i,,,,,,,,,,,,,,,,,,,,https://images.unsplash.com/photo-1618331833071-ce81bd50d300?w=2000&q=80&fm=jpg,2,"Abstract painting in deep teal, cream and ochre blocks",,
saffron-hours,Saffron Hours,"<p>Acrylic on canvas, 61 x 76 cm. A loose, high-key study of late afternoon light.</p>",Mara Okafor,,Original,"newest, abstract, acrylic, artist-mara-okafor",TRUE,Title,Default Title,ART-002-OR,2000,,,continue,manual,980.00,,TRUE,TRUE,https://images.unsplash.com/photo-1541961017774-22349e4a1262?w=2000&q=80&fm=jpg,1,"Vivid abstract painting in yellow, orange and turquoise",FALSE,active
pink-static,Pink Static,"<p>Mixed media on panel, 50 x 60 cm. Scraped and re-worked surface with graphite marks.</p>",Mara Okafor,,Original,"abstract, mixed media, artist-mara-okafor",TRUE,Title,Default Title,ART-003-OR,2000,,,continue,manual,760.00,,TRUE,TRUE,https://images.unsplash.com/photo-1533157950006-c38844053d55?w=2000&q=80&fm=jpg,1,Textured abstract painting with a pink field and black marks,FALSE,active
harbour-grid,Harbour Grid,"<p>Oil on canvas, 70 x 90 cm. Bold planes of colour inspired by shipping containers at dawn.</p>",Mara Okafor,,Original,"abstract, oil, artist-mara-okafor",TRUE,Title,Default Title,ART-004-OR,2000,,,continue,manual,1200.00,,TRUE,TRUE,https://images.unsplash.com/photo-1531913764164-f85c52e6e654?w=2000&q=80&fm=jpg,1,"Abstract painting of red, yellow and blue intersecting planes",FALSE,active
low-tide-blue,"Low Tide, Blue","<p>Acrylic on canvas, 60 x 80 cm.</p>",Mara Okafor,,Original,"abstract, acrylic, artist-mara-okafor",TRUE,Title,Default Title,ART-005-OR,2000,,,continue,manual,890.00,,TRUE,TRUE,https://images.unsplash.com/photo-1531489956451-20957fab52f2?w=2000&q=80&fm=jpg,1,Abstract painting with blue and orange strokes on white,FALSE,active
ochre-weather,Ochre Weather,"<p>Acrylic on paper, 42 x 59 cm. Ships flat in an archival sleeve.</p>",Mara Okafor,,Original,"abstract, acrylic, artist-mara-okafor",TRUE,Title,Default Title,ART-006-OR,2000,,,continue,manual,640.00,,TRUE,TRUE,https://images.unsplash.com/photo-1552312097-8ef75595e2a2?w=2000&q=80&fm=jpg,1,Pale blue abstract painting with ochre brushwork,FALSE,active
tulip-study,Tulip Study,"<p>Watercolour on cold-press cotton paper, 30 x 40 cm.</p>",Juno Lindqvist,,Original,"newest, watercolour, botanical, artist-juno-lindqvist",TRUE,Title,Default Title,ART-007-OR,2000,,,continue,manual,420.00,,TRUE,TRUE,https://images.unsplash.com/photo-1700608277944-98b04da666ba?w=2000&q=80&fm=jpg,1,Soft watercolour of pale pink tulips,FALSE,active
pines-above-the-lake,Pines Above the Lake,"<p>Watercolour on cotton paper, 28 x 38 cm. Painted en plein air.</p>",Juno Lindqvist,,Original,"watercolour, landscape, artist-juno-lindqvist",TRUE,Title,Default Title,ART-008-OR,2000,,,continue,manual,380.00,,TRUE,TRUE,https://images.unsplash.com/photo-1733259295695-825e95256a50?w=2000&q=80&fm=jpg,1,Watercolour landscape of pine trees over blue hills,FALSE,active
cypress-road,Cypress Road,"<p>Watercolour and ink, 30 x 42 cm.</p>",Juno Lindqvist,,Original,"newest, watercolour, landscape, artist-juno-lindqvist",TRUE,Title,Default Title,ART-009-OR,2000,,,continue,manual,450.00,,TRUE,TRUE,https://images.unsplash.com/photo-1688222612475-b83f0304b681?w=2000&q=80&fm=jpg,1,Pastel watercolour of cypress trees along a country road,FALSE,active
still-water,Still Water,"<p>Watercolour on cotton paper, 30 x 40 cm.</p>",Juno Lindqvist,,Original,"watercolour, landscape, artist-juno-lindqvist",TRUE,Title,Default Title,ART-010-OR,2000,,,continue,manual,390.00,,TRUE,TRUE,https://images.unsplash.com/photo-1695152559585-b5d6f5ad31c5?w=2000&q=80&fm=jpg,1,Watercolour of autumn trees reflected in a lake,FALSE,active
hill-country,Hill Country,"<p>Watercolour on paper, 30 x 40 cm.</p>",Juno Lindqvist,,Original,"watercolour, landscape, artist-juno-lindqvist",TRUE,Title,Default Title,ART-011-OR,2000,,,continue,manual,360.00,,TRUE,TRUE,https://images.unsplash.com/photo-1683143726497-a097780bab5a?w=2000&q=80&fm=jpg,1,Warm watercolour of rolling hills and a valley,FALSE,active
botanical-trio,Botanical Trio,<p>Set of three giclee prints on 310gsm cotton rag. Frames not included.</p>,Ines Duarte,,Print,"print, botanical, artist-ines-duarte",TRUE,Size,A4,ART-012-A4,300,,,continue,manual,180.00,,TRUE,TRUE,https://images.unsplash.com/photo-1787507136009-19ae8d98d867?w=2000&q=80&fm=jpg,1,Three framed botanical leaf prints on a green wall,FALSE,active
botanical-trio,,,,,,,,,A3,ART-012-A3,300,,,continue,manual,270.00,,TRUE,TRUE,,,,,
botanical-trio,,,,,,,,,A2,ART-012-A2,300,,,continue,manual,396.00,,TRUE,TRUE,,,,,
lunar-phases,Lunar Phases,<p>Giclee print on 310gsm cotton rag. Frame not included.</p>,Ines Duarte,,Print,"newest, print, monochrome, artist-ines-duarte",TRUE,Size,A4,ART-013-A4,300,,,continue,manual,95.00,,TRUE,TRUE,https://images.unsplash.com/photo-1767605522009-ba5d73f3b91a?w=2000&q=80&fm=jpg,1,Framed prints of the moon and its phases,FALSE,active
lunar-phases,,,,,,,,,A3,ART-013-A3,300,,,continue,manual,142.00,,TRUE,TRUE,,,,,
lunar-phases,,,,,,,,,A2,ART-013-A2,300,,,continue,manual,209.00,,TRUE,TRUE,,,,,
leaf-dance,Leaf Dance,<p>Giclee print on 310gsm cotton rag. Frame not included.</p>,Ines Duarte,,Print,"print, botanical, artist-ines-duarte",TRUE,Size,A4,ART-014-A4,300,,,continue,manual,120.00,,TRUE,TRUE,https://images.unsplash.com/photo-1784006322945-efad2e732845?w=2000&q=80&fm=jpg,1,Framed print of orange leaves on a dark ground,FALSE,active
leaf-dance,,,,,,,,,A3,ART-014-A3,300,,,continue,manual,180.00,,TRUE,TRUE,,,,,
leaf-dance,,,,,,,,,A2,ART-014-A2,300,,,continue,manual,264.00,,TRUE,TRUE,,,,,
pagoda-at-dusk,Pagoda at Dusk,"<p>Screen print, edition of 50. Frame not included.</p>",Ines Duarte,,Print,"print, monochrome, artist-ines-duarte",TRUE,Size,A4,ART-015-A4,300,,,continue,manual,140.00,,TRUE,TRUE,https://images.unsplash.com/photo-1770724833753-5fd05309ce2a?w=2000&q=80&fm=jpg,1,Framed black and white pagoda print above red flowers,FALSE,active
pagoda-at-dusk,,,,,,,,,A3,ART-015-A3,300,,,continue,manual,210.00,,TRUE,TRUE,,,,,
pagoda-at-dusk,,,,,,,,,A2,ART-015-A2,300,,,continue,manual,308.00,,TRUE,TRUE,,,,,
stoneware-vessels-set-of-three,"Stoneware Vessels, Set of Three","<p>Hand-built stoneware with a raw matte finish. Heights 14, 18 and 22 cm. Each piece is unique.</p>",Theo Marchetti,,Art Object,"newest, ceramic, stoneware, artist-theo-marchetti",TRUE,Title,Default Title,ART-016-OR,2000,,,continue,manual,260.00,,TRUE,TRUE,https://images.unsplash.com/photo-1631125916276-69bcd14e3980?w=2000&q=80&fm=jpg,1,Three hand-built stoneware vessels on a plinth,FALSE,active
stoneware-vessels-set-of-three,,,,,,,,,,,,,,,,,,,,https://images.unsplash.com/photo-1631125915973-e0d155a14e4e?w=2000&q=80&fm=jpg,2,Three hand-built stoneware vessels on a plinth,,
moon-vase,Moon Vase,"<p>Wheel-thrown and altered stoneware, 24 cm. Decorative; not watertight.</p>",Theo Marchetti,,Art Object,"ceramic, stoneware, artist-theo-marchetti",TRUE,Title,Default Title,ART-017-OR,2000,,,continue,manual,145.00,,TRUE,TRUE,https://images.unsplash.com/photo-1643569556871-91ec60671ed7?w=2000&q=80&fm=jpg,1,Ring-shaped cream ceramic vase,FALSE,active
white-belly-jar,White Belly Jar,"<p>Porcelain with a satin glaze, 20 cm.</p>",Theo Marchetti,,Art Object,"ceramic, porcelain, artist-theo-marchetti",TRUE,Title,Default Title,ART-018-OR,2000,,,continue,manual,110.00,,TRUE,TRUE,https://images.unsplash.com/photo-1687191883721-257d8cad5b54?w=2000&q=80&fm=jpg,1,Round white ceramic vase on a white background,FALSE,active
sculpted-curve-vase,Sculpted Curve Vase,"<p>Hand-built stoneware, 30 cm.</p>",Theo Marchetti,,Art Object,"ceramic, stoneware, artist-theo-marchetti",TRUE,Title,Default Title,ART-019-OR,2000,,,continue,manual,175.00,,TRUE,TRUE,https://images.unsplash.com/photo-1665512594386-051aad8b9f68?w=2000&q=80&fm=jpg,1,Curved cream ceramic vase holding a single branch,FALSE,active
oxblood-bud-vase,Oxblood Bud Vase,"<p>Porcelain with oxblood glaze, 18 cm.</p>",Theo Marchetti,,Art Object,"ceramic, porcelain, artist-theo-marchetti",TRUE,Title,Default Title,ART-020-OR,2000,,,continue,manual,85.00,,TRUE,TRUE,https://images.unsplash.com/photo-1526198330131-9b0bc79625e4?w=2000&q=80&fm=jpg,1,Slim oxblood-glazed bud vase,FALSE,active
cobalt-bud-vase,Cobalt Bud Vase,"<p>Porcelain with cobalt glaze, 20 cm.</p>",Theo Marchetti,,Art Object,"ceramic, porcelain, artist-theo-marchetti",TRUE,Title,Default Title,ART-021-OR,2000,,,continue,manual,85.00,,TRUE,TRUE,https://images.unsplash.com/photo-1526198049595-f32cde2a219d?w=2000&q=80&fm=jpg,1,Slim cobalt-blue bud vase,FALSE,active
